Nodes,inst,totalDemand,ratioDemandRequired,totalRiskArray,minRisk,ratioRisk,Time,B&B Nodes,Security,Machine,Spanning
118,1,4131.592553888889,0.9,1020,673.0,0.6598039215686274,29.796830892562866,1.0,True,r002.ib.bridges2.psc.edu,True
118,2,4131.592553888889,0.9,1130,750.0,0.6637168141592921,26.553206205368042,1.0,True,r002.ib.bridges2.psc.edu,True
118,3,4131.592553888889,0.9,1050,721.0,0.6866666666666666,7.6326611042022705,1.0,True,r002.ib.bridges2.psc.edu,True
118,4,4131.592553888889,0.9,994,654.0,0.6579476861167002,42.90513896942139,1.0,True,r002.ib.bridges2.psc.edu,True
118,5,4131.592553888889,0.9,959,618.0,0.6444212721584984,5.771964073181152,1.0,True,r002.ib.bridges2.psc.edu,True
118,6,4131.592553888889,0.9,1045,672.0,0.6430622009569378,3.9016239643096924,1.0,True,r002.ib.bridges2.psc.edu,True
118,7,4131.592553888889,0.9,1008,675.0,0.6696428571428571,6.47374701499939,1.0,True,r002.ib.bridges2.psc.edu,True
118,8,4131.592553888889,0.9,1121,761.0,0.6788581623550402,28.44200897216797,1.0,True,r002.ib.bridges2.psc.edu,True
